﻿<?xml version="1.0" encoding="utf-8"?>
<LRConfig>
  <Profiles Type="exe">
    <Profile Name="Run in Japanese" Guid="f8f78f4a-d065-4b05-b850-bb41a2ecee9f">
      <Location>ja-JP</Location>
      <CodePage>932</CodePage>
      <LCID>1041</LCID>
      <TimeZone>Tokyo Standard Time</TimeZone>
      <Bias>540</Bias>
      <RunAsAdmin>false</RunAsAdmin>
      <HookIME>false</HookIME>
      <HookLCID>true</HookLCID>
    </Profile>
    <Profile Name="Run in Japanese (Admin)" Guid="246a53e8-a131-4451-86b0-e93fff91243b">
      <Location>ja-JP</Location>
      <CodePage>932</CodePage>
      <LCID>1041</LCID>
      <TimeZone>Tokyo Standard Time</TimeZone>
      <Bias>540</Bias>
      <RunAsAdmin>true</RunAsAdmin>
      <HookIME>true</HookIME>
      <HookLCID>true</HookLCID>
    </Profile>
    <Profile Name="Run in Taiwan (Admin)" Guid="869a932b-a998-4b7b-a2de-faee7c5ddeeb">
      <Location>zh-TW</Location>
      <CodePage>950</CodePage>
      <LCID>1028</LCID>
      <TimeZone>Taipei Standard Time</TimeZone>
      <Bias>480</Bias>
      <RunAsAdmin>true</RunAsAdmin>
      <HookIME>true</HookIME>
      <HookLCID>true</HookLCID>
    </Profile>
    <Profile Name="Run in Korean (Admin)" Guid="ad04a53b-1d47-4f0b-85dc-8423af1210fd">
      <Location>ko-KR</Location>
      <CodePage>949</CodePage>
      <LCID>1042</LCID>
      <TimeZone>Korea Standard Time</TimeZone>
      <Bias>540</Bias>
      <RunAsAdmin>true</RunAsAdmin>
      <HookIME>true</HookIME>
      <HookLCID>true</HookLCID>
    </Profile>
  </Profiles>
</LRConfig>